title,email,reponse,question,createdAt
Formulaire 1,test@texxxst.com,test@test.com,La question :,2023-12-13 17:55:14.891 +0000 UTC
Formulaire 2,test@texxxst.com,test@test.com,La question dfdfdf :,2023-12-13 17:55:14.891 +0000 UTC
Formulaire 1,maxime@louis.com,test,La question 1 : pouvoir modifier le graphique est-il important pour vous ?,2023-12-14 10:02:41.041 +0000 UTC
Formulaire 2,maxime@louis.com,test,La question 2:,2023-12-14 10:02:41.041 +0000 UTC
Formulaire 3,maxime@louis.com,yest,La question 3:,2023-12-14 10:02:41.041 +0000 UTC
Formulaire 4,maxime@louis.com,test,La question 4:,2023-12-14 10:02:41.041 +0000 UTC
Formulaire 1,test@test.com,test@test.com,La question 1 : pouvoir modifier le graphique est-il important pour vous ?,2023-12-14 10:03:22.206 +0000 UTC
Formulaire 2,test@test.com,test@test.com,La question 2:,2023-12-14 10:03:22.206 +0000 UTC
Formulaire 3,test@test.com,test@test.com,La question 3:,2023-12-14 10:03:22.206 +0000 UTC
Formulaire 4,test@test.com,test@test.com,La question 4:,2023-12-14 10:03:22.206 +0000 UTC
Formulaire 1,test@test.com,test@test.com,La question 1 : pouvoir modifier le graphique est-il important pour vous ?,2023-12-14 10:04:30.238 +0000 UTC
Formulaire 2,test@test.com,test@test.com,La question 2:,2023-12-14 10:04:30.238 +0000 UTC
Formulaire 3,test@test.com,test@test.com,La question 3:,2023-12-14 10:04:30.238 +0000 UTC
Formulaire 4,test@test.com,test@test.com,La question 4:,2023-12-14 10:04:30.238 +0000 UTC
Formulaire 1,test@test.com,rtd,La question 1 : pouvoir modifier le graphique est-il important pour vous ?,2023-12-14 10:13:00.596 +0000 UTC
Formulaire 2,test@test.com,yddy,La question 2:,2023-12-14 10:13:00.596 +0000 UTC
Formulaire 3,test@test.com,hdhdh,La question 3:,2023-12-14 10:13:00.596 +0000 UTC
Formulaire 4,test@test.com,hdhddh,La question 4:,2023-12-14 10:13:00.596 +0000 UTC
